model_type,split,acc,f1,auc
text,test,0.7096912521440824,0.6172979084228377,0.7574022465671515
