model_type,split,acc,f1,auc
multimodal,test,0.7264150943396226,0.6690871369294605,0.788210556180958
