model_type,split,acc,f1,auc
image,test,0.6209262435677531,0.44956413449564137,0.6197088675947027
